Student_ID,Age,Gender,City,Study_Hours,Attendance,Previous_Score,Family_Income,Passed
S001,20,Male,Ahmedabad,4,85,78,45000,Yes
S002,21,Female,Delhi,6,92,88,52000,Yes
S003,19,Male,Mumbai,3,75,65,38000,No
S004,22,Female,Ahmedabad,5,89,82,48000,Yes
S005,20,Female,Delhi,,95,91,55000,Yes
S006,23,Male,Mumbai,2,68,55,32000,No
S007,21,Male,Ahmedabad,7,,94,60000,Yes
S008,20,Female,,5,87,79,47000,Yes
S009,19,Male,Delhi,1,62,48,28000,No
S010,22,Female,Mumbai,6,91,,51000,Yes
S011,21,Male,Ahmedabad,4,83,73,43000,Yes
S012,20,Female,Delhi,5,88,81,,Yes
S013,24,Male,Mumbai,2,70,59,35000,No
S014,19,Female,Ahmedabad,8,97,96,65000,Yes
S015,21,Male,Delhi,3,78,67,40000,No
S016,22,Female,Mumbai,,90,85,50000,Yes
S017,20,Male,Ahmedabad,5,86,77,46000,Yes
S018,23,Female,Delhi,4,80,72,42000,Yes
S019,19,Male,Mumbai,2,65,52,30000,No
S020,21,Female,Ahmedabad,6,93,89,54000,Yes
S021,20,Male,Delhi,100,99,98,500000,Yes
S022,22,Female,Mumbai,5,89,84,49000,Yes
S023,19,Male,Ahmedabad,1,60,45,25000,No
S024,21,Female,Delhi,7,94,92,58000,Yes
S025,20,Male,Mumbai,3,74,63,37000,No